--Insertions OK
INSERT INTO  Fournisseurs VALUES (1,'SOCOPA','ZI La petite Marine, 84800 LIsle-sur-la-Sorgue');
INSERT INTO  Fournisseurs VALUES (2,'Nawhals','Willem Elsschotstraat 15, 1800 Vilvoorde, Belgique');
INSERT INTO  Fournisseurs VALUES (3,'Lays','420 rue d Estienne d Orves 92705 Colombes Cedex');
INSERT INTO  Fournisseurs VALUES (4,'Metro','ZI l Argentière - 8, rue François Blumet, Sassenage, 38360');
INSERT INTO  Fournisseurs VALUES (5,'Picard','375 Avenue des Frères Lumière, 84700 Sorgues');
INSERT INTO  Fournisseurs VALUES (6,'Boulanger','84 Cours Jean Jaurès, 38130 Échirolles');
INSERT INTO  Fournisseurs VALUES (7,'Le Jardin de Riad','Loin dans la campagne, après Chambéry');


INSERT INTO  TypesArticles VALUES ('Poulet','Boucherie',10.5,1);
INSERT INTO  TypesArticles VALUES ('Merguez','Boucherie',6.95,1);
INSERT INTO  TypesArticles VALUES ('Sauces bbq','Epicerie',3,2);
INSERT INTO  TypesArticles VALUES ('Harissa','Epicerie',3.25,2);
INSERT INTO  TypesArticles VALUES ('Chips','Epicerie',2,3);
INSERT INTO  TypesArticles VALUES ('Bouga','Boissonerie',2.5,1);
INSERT INTO  TypesArticles VALUES ('Leben','Boissonerie',1,1);
INSERT INTO  TypesArticles VALUES ('Capri sun','Boissonerie',5,4);
INSERT INTO  TypesArticles VALUES ('Poms','Boissonerie',4,4);
INSERT INTO  TypesArticles VALUES ('Amigo','Surgele',2,5);
INSERT INTO  TypesArticles VALUES ('Fiesta','Surgele',1.8,5);
INSERT INTO  TypesArticles VALUES ('Baguette','Boulangerie',1,6);
INSERT INTO  TypesArticles VALUES ('Pain','Boulangerie',1,6);
INSERT INTO  TypesArticles VALUES ('Fraise','Fruits et Legumes',4,7);
INSERT INTO  TypesArticles VALUES ('Banane','Fruits et Legumes',3,7);
INSERT INTO  TypesArticles VALUES ('Dattes','Fruits et Legumes',5,7);

INSERT INTO  Articles (code_article, type_article) VALUES ('Dattes1','Dattes');
INSERT INTO  Articles (code_article, type_article) VALUES ('Dattes2','Dattes');
INSERT INTO  Articles (code_article, type_article) VALUES ('Dattes3','Dattes');
INSERT INTO  Articles (code_article, type_article) VALUES ('Dattes4','Dattes');
INSERT INTO  Articles (code_article, type_article) VALUES ('Dattes5','Dattes');
INSERT INTO  Articles (code_article, type_article) VALUES ('Dattes6','Dattes');

INSERT INTO  Articles (code_article, type_article) VALUES ('Fraise1','Fraise');
INSERT INTO  Articles (code_article, type_article) VALUES ('Fraise2','Fraise');
INSERT INTO  Articles (code_article, type_article) VALUES ('Fraise3','Fraise');
INSERT INTO  Articles (code_article, type_article) VALUES ('Fraise4','Fraise');
INSERT INTO  Articles (code_article, type_article) VALUES ('Fraise5','Fraise');
INSERT INTO  Articles (code_article, type_article) VALUES ('Fraise6','Fraise');

INSERT INTO  Articles (code_article, type_article) VALUES ('Banane1','Banane');
INSERT INTO  Articles (code_article, type_article) VALUES ('Banane2','Banane');
INSERT INTO  Articles (code_article, type_article) VALUES ('Banane3','Banane');
INSERT INTO  Articles (code_article, type_article) VALUES ('Banane4','Banane');
INSERT INTO  Articles (code_article, type_article) VALUES ('Banane5','Banane');
INSERT INTO  Articles (code_article, type_article) VALUES ('Banane6','Banane');
INSERT INTO  Articles (code_article, type_article) VALUES ('Banane7','Banane');
INSERT INTO  Articles (code_article, type_article) VALUES ('Banane8','Banane');


INSERT INTO  Articles (code_article, type_article) VALUES ('Baguette1','Baguette');
INSERT INTO  Articles (code_article, type_article) VALUES ('Baguette2','Baguette');
INSERT INTO  Articles (code_article, type_article) VALUES ('Baguette3','Baguette');
INSERT INTO  Articles (code_article, type_article) VALUES ('Baguette4','Baguette');
INSERT INTO  Articles (code_article, type_article) VALUES ('Baguette5','Baguette');
INSERT INTO  Articles (code_article, type_article) VALUES ('Baguette6','Baguette');
INSERT INTO  Articles (code_article, type_article) VALUES ('Baguette7','Baguette');
INSERT INTO  Articles (code_article, type_article) VALUES ('Baguette8','Baguette');
INSERT INTO  Articles (code_article, type_article) VALUES ('Baguette9','Baguette');
INSERT INTO  Articles (code_article, type_article) VALUES ('Baguette10','Baguette');

INSERT INTO  Articles (code_article, type_article) VALUES ('Pain1','Pain');
INSERT INTO  Articles (code_article, type_article) VALUES ('Pain2','Pain');
INSERT INTO  Articles (code_article, type_article) VALUES ('Pain3','Pain');
INSERT INTO  Articles (code_article, type_article) VALUES ('Pain4','Pain');
INSERT INTO  Articles (code_article, type_article) VALUES ('Pain5','Pain');
INSERT INTO  Articles (code_article, type_article) VALUES ('Pain6','Pain');
INSERT INTO  Articles (code_article, type_article) VALUES ('Pain7','Pain');

INSERT INTO  Articles (code_article, type_article) VALUES ('Capri sun1','Capri sun');
INSERT INTO  Articles (code_article, type_article) VALUES ('Capri sun2','Capri sun');
INSERT INTO  Articles (code_article, type_article) VALUES ('Capri sun3','Capri sun');
INSERT INTO  Articles (code_article, type_article) VALUES ('Capri sun4','Capri sun');

INSERT INTO  Articles (code_article, type_article) VALUES ('Fiesta1','Fiesta');
INSERT INTO  Articles (code_article, type_article) VALUES ('Fiesta2','Fiesta');
INSERT INTO  Articles (code_article, type_article) VALUES ('Fiesta3','Fiesta');

INSERT INTO  Articles (code_article, type_article) VALUES ('Poms1','Poms');
INSERT INTO  Articles (code_article, type_article) VALUES ('Poms2','Poms');
INSERT INTO  Articles (code_article, type_article) VALUES ('Poms3','Poms');
INSERT INTO  Articles (code_article, type_article) VALUES ('Poms4','Poms');
INSERT INTO  Articles (code_article, type_article) VALUES ('Poms5','Poms');
INSERT INTO  Articles (code_article, type_article) VALUES ('Poms6','Poms');
INSERT INTO  Articles (code_article, type_article) VALUES ('Poms7','Poms');

INSERT INTO  Articles (code_article, type_article) VALUES ('Chips1','Chips');
INSERT INTO  Articles (code_article, type_article) VALUES ('Chips2','Chips');
INSERT INTO  Articles (code_article, type_article) VALUES ('Chips3','Chips');
INSERT INTO  Articles (code_article, type_article) VALUES ('Chips4','Chips');
INSERT INTO  Articles (code_article, type_article) VALUES ('Chips5','Chips');
INSERT INTO  Articles (code_article, type_article) VALUES ('Chips6','Chips');
INSERT INTO  Articles (code_article, type_article) VALUES ('Chips7','Chips');
INSERT INTO  Articles (code_article, type_article) VALUES ('Chips8','Chips');
INSERT INTO  Articles (code_article, type_article) VALUES ('Chips9','Chips');
INSERT INTO  Articles (code_article, type_article) VALUES ('Chips10','Chips');

INSERT INTO  Articles (code_article, type_article) VALUES ('Bouga1','Bouga');
INSERT INTO  Articles (code_article, type_article) VALUES ('Bouga2','Bouga');
INSERT INTO  Articles (code_article, type_article) VALUES ('Bouga3','Bouga');
INSERT INTO  Articles (code_article, type_article) VALUES ('Bouga4','Bouga');
INSERT INTO  Articles (code_article, type_article) VALUES ('Bouga5','Bouga');
INSERT INTO  Articles (code_article, type_article) VALUES ('Bouga6','Bouga');
INSERT INTO  Articles (code_article, type_article) VALUES ('Bouga7','Bouga');
INSERT INTO  Articles (code_article, type_article) VALUES ('Bouga8','Bouga');

INSERT INTO  Articles (code_article, type_article) VALUES ('Poulet1','Poulet');
INSERT INTO  Articles (code_article, type_article) VALUES ('Poulet2','Poulet');
INSERT INTO  Articles (code_article, type_article) VALUES ('Poulet3','Poulet');
INSERT INTO  Articles (code_article, type_article) VALUES ('Poulet4','Poulet');
INSERT INTO  Articles (code_article, type_article) VALUES ('Poulet5','Poulet');
INSERT INTO  Articles (code_article, type_article) VALUES ('Poulet6','Poulet');
INSERT INTO  Articles (code_article, type_article) VALUES ('Poulet7','Poulet');
INSERT INTO  Articles (code_article, type_article) VALUES ('Poulet8','Poulet');
INSERT INTO  Articles (code_article, type_article) VALUES ('Poulet9','Poulet');

INSERT INTO  Articles (code_article, type_article) VALUES ('Merguez1','Merguez');
INSERT INTO  Articles (code_article, type_article) VALUES ('Merguez2','Merguez');
INSERT INTO  Articles (code_article, type_article) VALUES ('Merguez3','Merguez');
INSERT INTO  Articles (code_article, type_article) VALUES ('Merguez4','Merguez');
INSERT INTO  Articles (code_article, type_article) VALUES ('Merguez5','Merguez');

INSERT INTO  Articles (code_article, type_article) VALUES ('Sauces bbq1','Sauces bbq');
INSERT INTO  Articles (code_article, type_article) VALUES ('Sauces bbq2','Sauces bbq');

INSERT INTO  Articles (code_article, type_article) VALUES ('Harissa1','Harissa');
INSERT INTO  Articles (code_article, type_article) VALUES ('Harissa2','Harissa');
INSERT INTO  Articles (code_article, type_article) VALUES ('Harissa3','Harissa');

INSERT INTO Clients VALUES (0,'BOUISSA','Ilyass','4 rue de lavenue','bouissailyass@gmail.com');
INSERT INTO Clients VALUES (1,'GUERBAA','Rayan','Rue de la paix','bibiztoz@gmail.com');
INSERT INTO Clients VALUES (2,'Mahi','Riad','21 rue de l ivrogne','bebou_le_pilo@Hotmail.com');
INSERT INTO Clients VALUES (3,'Bebou','Jessyca','17 rue la poste dla desco','hot_watifan@laposte.por');
INSERT INTO Clients VALUES (4,'Gorur','Selim','rue de la condescendance','jaique10@yahooo.rios');


INSERT INTO Commandes VALUES (1,0,'2021-04-13');
INSERT INTO Commandes VALUES (2,1,'2021-04-14');

INSERT INTO  ArticlesCommandes VALUES ('Poulet1',1);
INSERT INTO  ArticlesCommandes VALUES ('Poulet2',1);
INSERT INTO  ArticlesCommandes VALUES ('Merguez1',1);
INSERT INTO  ArticlesCommandes VALUES ('Merguez2',2);
INSERT INTO  ArticlesCommandes VALUES ('Merguez3',2);

